brand_name,total_campaigns,total_spend,total_conversions,avg_conversion_rate
Padcev,41,6359124,135459,0.25797622078434296
Vyloy,46,7461111,161079,0.23210490817602594
Xospata,43,6550171,133413,0.23413565073961945
Xtandi,36,5533665,169195,0.30088527796290626
